{"mean":{"confidence_interval":{"confidence_level":0.95,"lower_bound":-0.035332645106526714,"upper_bound":0.06691242990225828},"point_estimate":0.014275112181243665,"standard_error":0.02609627780592606},"median":{"confidence_interval":{"confidence_level":0.95,"lower_bound":-0.012791924257987253,"upper_bound":0.13454089959407378},"point_estimate":-0.0005833487028159556,"standard_error":0.04026501334542616}}