{"mean":{"confidence_interval":{"confidence_level":0.95,"lower_bound":169009931.3,"upper_bound":228705155.33},"point_estimate":198685484.71,"standard_error":15224525.620091343},"median":{"confidence_interval":{"confidence_level":0.95,"lower_bound":74952621.0,"upper_bound":302361562.0},"point_estimate":77042912.0,"standard_error":55796845.31782487},"median_abs_dev":{"confidence_interval":{"confidence_level":0.95,"lower_bound":23311028.357246518,"upper_bound":200881170.26194632},"point_estimate":31917023.05085957,"standard_error":46743376.40735368},"slope":null,"std_dev":{"confidence_interval":{"confidence_level":0.95,"lower_bound":143501282.2037151,"upper_bound":159662691.79718035},"point_estimate":153515262.82887405,"standard_error":4101508.4500529952}}