{"mean":{"confidence_interval":{"confidence_level":0.95,"lower_bound":1.2343822575428254,"upper_bound":2.18550972044548},"point_estimate":1.695780376279878,"standard_error":0.24090215321526937},"median":{"confidence_interval":{"confidence_level":0.95,"lower_bound":0.05118697580744924,"upper_bound":3.439119202610522},"point_estimate":0.1257869434049541,"standard_error":0.8235355792996246}}